100001, Smith, Isabella, CM85, 2009, 500001, 1 West Street, Wantage, Oxon, OX12, 2BH
100002, Taylor, Emily, CM79, 2010, 500002, 1 West Street, Wantage, Oxon, OX12, 2BH
100003, Taylor, Emily, CM85, 2008, 500002, 1 West Street, Wantage, Oxon, OX12, 2BH
100004, Jones, Madison, CM79, 2008, 500004, 2 Broadway, Morecambe, Lancashire, LA4, 2AG
100005, Taylor, Daniel, CM51, 2009, 500005, 3 Chester Road, Morecambe, Lancashire, LA4, 3AI
100006, Brown, Olivia, CM79, 2010, 500006, 4 Manor Road, Chesterfield, South Yorkshire, S40, 1AJ
100007, Williams, Sophia, CM51, 2008, 500007, 5 The Crescent, Chesterfield, South Yorkshire, S40, 1BD
100008, Wilson, Abigail, CM51, 2009, 500008, 6 The Avenue, Morecambe, Lancashire, LA4, 1BC
100009, Johnson, Christopher, CM51, 2010, 500009, 7 The Drive, Sheffield, South Yorkshire, S1, 3AF
100010, Davies, Chloe, CM79, 2008, 500010, 8 Park Lane, Wantage, Oxon, OX12, 2BB
100011, Robinson, Samantha, CM51, 2009, 500011, 9 West Street, Wantage, Oxon, OX12, 2BH
100012, Wright, Addison, CM85, 2010, 500012, 10 Main Street, Sheffield, South Yorkshire, S1, 1AC
100013, Thompson, Joseph, CM51, 2008, 500013, 11 South Street, Abingdon, Oxon, OX14, 3AD
100014, Evans, Mia, CM79, 2009, 500014, 12 Park Lane, Wantage, Oxon, OX12, 2BB
100015, Walker, Alexis, CM85, 2010, 500015, 13 Church Street, Morecambe, Lancashire, LA4, 1AF
100016, White, Alyssa, CM85, 2008, 500016, 14 Stanley Road, Abingdon, Oxon, OX14, 3AH
100017, Roberts, James, CM79, 2009, 500017, 15 High Street, Wantage, Oxon, OX12, 1AA
100018, Green, Ashley, CM79, 2010, 500018, 16 George Street, Chesterfield, South Yorkshire, S40, 2BA
100019, Hall, Ella, CM79, 2008, 500019, 17 Grange Road, Wantage, Oxon, OX12, 1BG
100020, Wood, Sarah, CM79, 2009, 500020, 18 The Grove, Abingdon, Oxon, OX14, 3AA
100021, Jackson, Nathan, CM79, 2010, 500021, 19 Alexander Road, Morecambe, Lancashire, LA4, 2AC
100022, Clarke, Taylor, CM85, 2008, 500022, 20 Grange Road, Morecambe, Lancashire, LA4, 1BG
100023, Jones, Brianna, CM79, 2009, 500023, 1 Mill Lane, Chesterfield, South Yorkshire, S40, 2AB
100024, Evans, Lily, CM85, 2010, 500024, 1 Mill Lane, Chesterfield, South Yorkshire, S40, 2AB
100025, Williams, Benjamin, CM79, 2008, 500025, 2 The Drive, Chesterfield, South Yorkshire, S40, 3AF
100026, Davies, Anna, CM85, 2009, 500026, 3 Alexander Road, Sheffield, South Yorkshire, S1, 2AC
100027, Evans, Victoria, CM85, 2010, 500027, 4 Grange Road, Abingdon, Oxon, OX14, 1BG
100028, Thomas, Kayla, CM85, 2008, 500028, 5 Springfield Road, Chesterfield, South Yorkshire, S40, 2AJ
100029, Roberts, Nicholas, CM79, 2009, 500029, 6 Mill Road, Morecambe, Lancashire, LA4, 3AJ
100030, Lewis, Lauren, CM79, 2010, 500030, 7 West Street, Morecambe, Lancashire, LA4, 2BH
100031, Hughes, Kaylee, CM51, 2008, 500031, 8 Green Lane, Chesterfield, South Yorkshire, S40, 1AI
100032, Morgan, Allison, CM79, 2009, 500032, 9 Windsor Road, Chesterfield, South Yorkshire, S40, 1BJ
100033, Griffiths, Brandon, CM85, 2010, 500033, 10 Church Road, Abingdon, Oxon, OX14, 1AE
100034, Edwards, Nevaeh, CM79, 2008, 500034, 11 Queensway, Chesterfield, South Yorkshire, S40, 2BE
100035, Smith, Gabriella, CM85, 2009, 500035, 12 Church Street, Sheffield, South Yorkshire, S1, 1AF
100036, James, Sofia, CM51, 2010, 500036, 13 Albert Road, Wantage, Oxon, OX12, 2BD
100037, Rees, Isaac, CM85, 2008, 500037, 14 Stanley Road, Sheffield, South Yorkshire, S1, 3AH
100038, Jenkins, Avery, CM79, 2009, 500038, 15 Chester Road, Morecambe, Lancashire, LA4, 3AI
100039, Owen, Riley, CM51, 2010, 500039, 16 Park Road, Sheffield, South Yorkshire, S1, 1AD
100040, Price, Julia, CM79, 2008, 500040, 17 Springfield Road, Wantage, Oxon, OX12, 2AJ
100041, Phillips, Jacob, CM79, 2009, 500041, 18 King Street, Abingdon, Oxon, OX14, 2AH
100042, Morris, Isabella, CM51, 2010, 500042, 19 Stanley Road, Wantage, Oxon, OX12, 3AH
100043, Richards, Emily, CM51, 2008, 500043, 20 Queensway, Morecambe, Lancashire, LA4, 2BE
100044, Smith, Madison, CM85, 2009, 500044, 1 Victoria Street, Wantage, Oxon, OX12, 2BC
100045, Williams, Daniel, CM85, 2010, 500045, 1 Victoria Street, Wantage, Oxon, OX12, 2BC
100046, Jones, Olivia, CM85, 2008, 500046, 2 Grange Road, Sheffield, South Yorkshire, S1, 1BG
100047, Taylor, Sophia, CM85, 2009, 500047, 3 Grange Road, Abingdon, Oxon, OX14, 1BG
100048, Brown, Abigail, CM51, 2010, 500048, 4 John's Road, Morecambe, Lancashire, LA4, 2AE
100049, Williams, Christopher, CM79, 2008, 500049, 5 London Road, Morecambe, Lancashire, LA4, 1AG
100050, Wilson, Chloe, CM85, 2009, 500050, 6 Mill Road, Morecambe, Lancashire, LA4, 3AJ
100051, Johnson, Samantha, CM51, 2010, 500051, 7 King Street, Sheffield, South Yorkshire, S1, 2AH
100052, Davies, Addison, CM51, 2008, 500052, 8 Church Lane, Morecambe, Lancashire, LA4, 1BA
100053, Robinson, Joseph, CM85, 2009, 500053, 9 North Road, Sheffield, South Yorkshire, S1, 3AG
100054, Wright, Mia, CM79, 2010, 500054, 10 Mill Lane, Wantage, Oxon, OX12, 2AB
100055, Thompson, Alexis, CM51, 2008, 500055, 11 Main Street, Wantage, Oxon, OX12, 1AC
100056, Thompson, Alexis, CM79, 2009, 500055, 11 Main Street, Wantage, Oxon, OX12, 1AC
100057, Evans, Alyssa, CM79, 2009, 500057, 12 Springfield Road, Sheffield, South Yorkshire, S1, 2AJ
100058, Walker, James, CM85, 2010, 500058, 13 Albert Road, Abingdon, Oxon, OX14, 2BD
100059, White, Ashley, CM79, 2008, 500059, 14 Main Street, Abingdon, Oxon, OX14, 1AC
100060, Roberts, Ella, CM79, 2009, 500060, 15 Kingsway, Abingdon, Oxon, OX14, 1BI
100061, Green, Sarah, CM51, 2010, 500061, 16 The Green, Morecambe, Lancashire, LA4, 2AI
100062, Hall, Nathan, CM79, 2008, 500062, 17 Richmond Road, Chesterfield, South Yorkshire, S40, 3AB
100063, Wood, Taylor, CM79, 2009, 500063, 18 The Crescent, Abingdon, Oxon, OX14, 1BD
100064, Jackson, Brianna, CM79, 2010, 500064, 19 The Green, Chesterfield, South Yorkshire, S40, 2AI
100065, Clarke, Lily, CM79, 2008, 500065, 20 Green Lane, Morecambe, Lancashire, LA4, 1AI
100066, Jones, Benjamin, CM79, 2009, 500066, 1 Windsor Road, Chesterfield, South Yorkshire, S40, 1BJ
100067, Roberts, Anna, CM79, 2010, 500067, 1 Windsor Road, Chesterfield, South Yorkshire, S40, 1BJ
100068, Williams, Victoria, CM51, 2008, 500068, 2 Green Lane, Sheffield, South Yorkshire, S1, 1AI
100069, Davies, Kayla, CM51, 2009, 500069, 3 Grange Road, Sheffield, South Yorkshire, S1, 1BG
100070, Evans, Nicholas, CM79, 2010, 500070, 4 Park Road, Wantage, Oxon, OX12, 1AD
100071, Thomas, Lauren, CM79, 2008, 500071, 5 Mill Road, Abingdon, Oxon, OX14, 3AJ
100072, Roberts, Kaylee, CM79, 2009, 500072, 6 Main Street, Sheffield, South Yorkshire, S1, 1AC
100073, Lewis, Allison, CM79, 2010, 500073, 7 Mill Road, Chesterfield, South Yorkshire, S40, 3AJ
100074, Hughes, Brandon, CM51, 2008, 500074, 8 Station Road, Wantage, Oxon, OX12, 1AB
100075, Morgan, Nevaeh, CM85, 2009, 500075, 9 Springfield Road, Sheffield, South Yorkshire, S1, 2AJ
100076, Griffiths, Gabriella, CM79, 2010, 500076, 10 West Street, Abingdon, Oxon, OX14, 2BH
100077, Edwards, Sofia, CM85, 2008, 500077, 11 Queensway, Chesterfield, South Yorkshire, S40, 2BE
100078, Smith, Isaac, CM79, 2009, 500078, 12 North Street, Sheffield, South Yorkshire, S1, 2BI
100079, James, Avery, CM79, 2010, 500079, 13 Station Road, Morecambe, Lancashire, LA4, 1AB
100080, Rees, Riley, CM85, 2008, 500080, 14 Mill Lane, Wantage, Oxon, OX12, 2AB
100081, Jenkins, Julia, CM85, 2009, 500081, 15 Station Road, Abingdon, Oxon, OX14, 1AB
100082, Owen, Jacob, CM85, 2010, 500082, 16 Albert Road, Morecambe, Lancashire, LA4, 2BD
100083, Price, Isabella, CM85, 2008, 500083, 17 South Street, Abingdon, Oxon, OX14, 3AD
100084, Phillips, Emily, CM79, 2009, 500084, 18 Green Lane, Wantage, Oxon, OX12, 1AI
100085, Morris, Madison, CM51, 2010, 500085, 19 Queens Road, Abingdon, Oxon, OX14, 1BE
100086, Richards, Daniel, CM79, 2008, 500086, 20 Main Road, Abingdon, Oxon, OX14, 2AF
100087, Smith, Olivia, CM79, 2009, 500087, 1 Victoria Street, Morecambe, Lancashire, LA4, 2BC
100088, Johnson, Sophia, CM79, 2010, 500088, 1 Victoria Street, Morecambe, Lancashire, LA4, 2BC
100089, Jones, Abigail, CM79, 2008, 500089, 2 Manchester Road, Sheffield, South Yorkshire, S1, 2BJ
100090, Taylor, Christopher, CM79, 2009, 500090, 3 Kings Road, Wantage, Oxon, OX12, 1BH
100091, Brown, Chloe, CM85, 2010, 500091, 4 Alexander Road, Chesterfield, South Yorkshire, S40, 2AC
100092, Williams, Samantha, CM85, 2008, 500092, 5 Victoria Street, Sheffield, South Yorkshire, S1, 2BC
100093, Wilson, Addison, CM79, 2009, 500093, 6 Queens Road, Sheffield, South Yorkshire, S1, 1BE
100094, Johnson, Joseph, CM51, 2010, 500094, 7 Victoria Street, Abingdon, Oxon, OX14, 2BC
100095, Davies, Mia, CM85, 2008, 500095, 8 Albert Road, Wantage, Oxon, OX12, 2BD
100096, Robinson, Alexis, CM79, 2009, 500096, 9 The Avenue, Abingdon, Oxon, OX14, 1BC
100097, Wright, Alyssa, CM85, 2010, 500097, 10 The Green, Wantage, Oxon, OX12, 2AI
100098, Thompson, James, CM85, 2008, 500098, 11 Queen Street, Morecambe, Lancashire, LA4, 2BG
100099, Evans, Ashley, CM85, 2009, 500099, 12 New Street, Sheffield, South Yorkshire, S1, 2BF
100100, Walker, Ella, CM79, 2010, 500100, 13 Manchester Road, Morecambe, Lancashire, LA4, 2BJ
100101, White, Sarah, CM79, 2008, 500101, 14 King Street, Abingdon, Oxon, OX14, 2AH
100102, Roberts, Nathan, CM51, 2009, 500102, 15 Main Street, Abingdon, Oxon, OX14, 1AC
100103, Green, Taylor, CM79, 2010, 500103, 16 Church Street, Morecambe, Lancashire, LA4, 1AF
100104, Hall, Brianna, CM85, 2008, 500104, 17 Grange Road, Sheffield, South Yorkshire, S1, 1BG
100105, Wood, Lily, CM79, 2009, 500105, 18 Station Road, Chesterfield, South Yorkshire, S40, 1AB
100106, Jackson, Benjamin, CM79, 2010, 500106, 19 North Road, Sheffield, South Yorkshire, S1, 3AG
100107, Clarke, Anna, CM85, 2008, 500107, 20 Church Street, Chesterfield, South Yorkshire, S40, 1AF
100108, Thompson, Alexis, CM79, 2010, 500108, 20 Church Street, Chesterfield, South Yorkshire, S40, 1AF
